{
  "BK21_deepseek": {
    "policy_id": "BK21",
    "model_id": "deepseek",
    "metrics": {
      "employment_rate": {
        "gt": 82.2,
        "phase": "Outcomes",
        "var": "employment_rate",
        "n_scenarios": 50,
        "n_fallback_used": 0,
        "n_skipped": 0,
        "mape": 3.9985401459854004,
        "mape_per_scenario": 3.9985401459854004,
        "mape_median_robust": 3.406326034063257,
        "mape_aggregate": 0.8530413625303964,
        "mean_estimate": 82.90119999999999,
        "bias": 0.7011999999999858,
        "bias_pct": 0.8530413625303964,
        "calibration": {
          "p10": 78.61,
          "p90": 87.19,
          "coverage_gt_in_p10_p90": true,
          "sharpness_p90_minus_p10": 8.579999999999998
        },
        "n_out_of_declared_range": 0
      },
      "intl_collaboration_rate": {
        "gt": 36.0,
        "phase": "Outcomes",
        "var": "international_collaboration_rate",
        "n_scenarios": 50,
        "n_fallback_used": 0,
        "n_skipped": 0,
        "mape": 32.11111111111111,
        "mape_per_scenario": 32.11111111111111,
        "mape_median_robust": 27.77777777777778,
        "mape_aggregate": 4.33333333333334,
        "mean_estimate": 34.44,
        "bias": -1.5600000000000023,
        "bias_pct": -4.33333333333334,
        "calibration": {
          "p10": 19.9,
          "p90": 50.0,
          "coverage_gt_in_p10_p90": true,
          "sharpness_p90_minus_p10": 30.1
        },
        "n_out_of_declared_range": 0
      }
    }
  },
  "100E_deepseek": {
    "policy_id": "100E",
    "model_id": "deepseek",
    "metrics": {
      "approved_projects": {
        "gt": 115,
        "phase": "Outcomes",
        "var": "number_of_100e_projects_approved_in_2023",
        "n_scenarios": 50,
        "n_fallback_used": 0,
        "n_skipped": 0,
        "mape": 32.44173913043478,
        "mape_per_scenario": 32.44173913043478,
        "mape_median_robust": 30.434782608695656,
        "mape_aggregate": 32.44173913043479,
        "mean_estimate": 77.692,
        "bias": -37.30800000000001,
        "bias_pct": -32.44173913043479,
        "calibration": {
          "p10": 40.64000000000001,
          "p90": 100.0,
          "coverage_gt_in_p10_p90": false,
          "sharpness_p90_minus_p10": 59.35999999999999
        },
        "n_out_of_declared_range": 0
      },
      "deployed_projects": {
        "gt": 73,
        "phase": "Outcomes",
        "var": "deployed_100e_projects",
        "n_scenarios": 50,
        "n_fallback_used": 0,
        "n_skipped": 0,
        "mape": 41.71506849315068,
        "mape_per_scenario": 41.71506849315068,
        "mape_median_robust": 37.26027397260274,
        "mape_aggregate": 41.71506849315068,
        "mean_estimate": 42.548,
        "bias": -30.451999999999998,
        "bias_pct": -41.71506849315068,
        "calibration": {
          "p10": 20.0,
          "p90": 60.0,
          "coverage_gt_in_p10_p90": false,
          "sharpness_p90_minus_p10": 40.0
        },
        "n_out_of_declared_range": 0
      }
    }
  },
  "100E_gemini": {
    "policy_id": "100E",
    "model_id": "gemini",
    "metrics": {
      "approved_projects": {
        "gt": 115,
        "phase": "Outcomes",
        "var": "number_of_100e_projects_approved_in_2023",
        "n_scenarios": 50,
        "n_fallback_used": 0,
        "n_skipped": 0,
        "mape": 30.914782608695656,
        "mape_per_scenario": 30.914782608695656,
        "mape_median_robust": 15.217391304347828,
        "mape_aggregate": 0.980869565217379,
        "mean_estimate": 113.87200000000001,
        "bias": -1.127999999999986,
        "bias_pct": -0.980869565217379,
        "calibration": {
          "p10": 64.64000000000001,
          "p90": 179.1,
          "coverage_gt_in_p10_p90": true,
          "sharpness_p90_minus_p10": 114.45999999999998
        },
        "n_out_of_declared_range": 0
      },
      "deployed_projects": {
        "gt": 73,
        "phase": "Outcomes",
        "var": "deployed_100e_projects",
        "n_scenarios": 50,
        "n_fallback_used": 0,
        "n_skipped": 0,
        "mape": 39.87397260273973,
        "mape_per_scenario": 39.87397260273973,
        "mape_median_robust": 31.23287671232876,
        "mape_aggregate": 5.9452054794520395,
        "mean_estimate": 77.33999999999999,
        "bias": 4.339999999999989,
        "bias_pct": 5.9452054794520395,
        "calibration": {
          "p10": 32.76,
          "p90": 113.68,
          "coverage_gt_in_p10_p90": true,
          "sharpness_p90_minus_p10": 80.92000000000002
        },
        "n_out_of_declared_range": 0
      }
    }
  }
}